URL,Request_Time
http://localhost:5000/video/item_18.mp4,2024-09-03 22:27:27
http://localhost:5000/video/item_45.mp4,2024-09-03 22:10:10
http://localhost:5000/video/item_38.mp4,2024-09-03 22:08:39
http://localhost:5000/video/item_38.mp4,2024-09-03 22:30:09
http://localhost:5000/video/item_25.mp4,2024-09-03 22:21:33
http://localhost:5000/video/item_48.mp4,2024-09-03 22:34:26
http://localhost:5000/video/item_5.mp4,2024-09-03 22:22:39
http://localhost:5000/video/item_25.mp4,2024-09-03 21:42:47
http://localhost:5000/video/item_27.mp4,2024-09-03 22:21:29
http://localhost:5000/video/item_19.mp4,2024-09-03 22:39:38
http://localhost:5000/video/item_33.mp4,2024-09-03 22:30:12
http://localhost:5000/video/item_13.mp4,2024-09-03 22:36:01
http://localhost:5000/video/item_0.mp4,2024-09-03 22:24:30
http://localhost:5000/video/item_37.mp4,2024-09-03 22:27:39
http://localhost:5000/video/item_5.mp4,2024-09-03 22:26:14
http://localhost:5000/video/item_4.mp4,2024-09-03 22:38:47
http://localhost:5000/video/item_34.mp4,2024-09-03 22:33:46
http://localhost:5000/video/item_20.mp4,2024-09-03 21:54:51
http://localhost:5000/video/item_25.mp4,2024-09-03 21:52:28
http://localhost:5000/video/item_30.mp4,2024-09-03 22:06:55
http://localhost:5000/video/item_29.mp4,2024-09-03 21:49:35
http://localhost:5000/video/item_29.mp4,2024-09-03 21:53:49
http://localhost:5000/video/item_18.mp4,2024-09-03 22:34:46
http://localhost:5000/video/item_13.mp4,2024-09-03 22:20:11
http://localhost:5000/video/item_46.mp4,2024-09-03 21:44:54
http://localhost:5000/video/item_26.mp4,2024-09-03 22:31:03
http://localhost:5000/video/item_2.mp4,2024-09-03 22:21:58
http://localhost:5000/video/item_34.mp4,2024-09-03 22:31:02
http://localhost:5000/video/item_47.mp4,2024-09-03 22:00:41
http://localhost:5000/video/item_17.mp4,2024-09-03 22:02:10
http://localhost:5000/video/item_6.mp4,2024-09-03 22:11:07
http://localhost:5000/video/item_26.mp4,2024-09-03 22:24:48
http://localhost:5000/video/item_28.mp4,2024-09-03 22:22:47
http://localhost:5000/video/item_46.mp4,2024-09-03 22:39:45
http://localhost:5000/video/item_4.mp4,2024-09-03 22:25:41
http://localhost:5000/video/item_35.mp4,2024-09-03 22:40:54
http://localhost:5000/video/item_20.mp4,2024-09-03 22:11:22
http://localhost:5000/video/item_39.mp4,2024-09-03 21:51:13
http://localhost:5000/video/item_8.mp4,2024-09-03 22:03:23
http://localhost:5000/video/item_7.mp4,2024-09-03 22:20:04
http://localhost:5000/video/item_3.mp4,2024-09-03 21:45:33
http://localhost:5000/video/item_14.mp4,2024-09-03 22:23:42
http://localhost:5000/video/item_36.mp4,2024-09-03 22:00:44
http://localhost:5000/video/item_1.mp4,2024-09-03 22:00:53
http://localhost:5000/video/item_35.mp4,2024-09-03 21:48:41
http://localhost:5000/video/item_3.mp4,2024-09-03 21:44:58
http://localhost:5000/video/item_4.mp4,2024-09-03 22:33:47
http://localhost:5000/video/item_7.mp4,2024-09-03 22:00:02
http://localhost:5000/video/item_40.mp4,2024-09-03 21:51:18
http://localhost:5000/video/item_47.mp4,2024-09-03 22:26:24
http://localhost:5000/video/item_36.mp4,2024-09-03 22:06:08
http://localhost:5000/video/item_6.mp4,2024-09-03 21:47:21
http://localhost:5000/video/item_7.mp4,2024-09-03 22:15:04
http://localhost:5000/video/item_13.mp4,2024-09-03 22:06:54
http://localhost:5000/video/item_5.mp4,2024-09-03 22:29:51
http://localhost:5000/video/item_49.mp4,2024-09-03 22:10:37
http://localhost:5000/video/item_27.mp4,2024-09-03 22:05:34
http://localhost:5000/video/item_49.mp4,2024-09-03 21:48:15
http://localhost:5000/video/item_28.mp4,2024-09-03 21:42:39
http://localhost:5000/video/item_8.mp4,2024-09-03 22:06:35
http://localhost:5000/video/item_35.mp4,2024-09-03 22:34:08
http://localhost:5000/video/item_32.mp4,2024-09-03 22:25:45
http://localhost:5000/video/item_46.mp4,2024-09-03 22:24:02
http://localhost:5000/video/item_22.mp4,2024-09-03 22:07:43
http://localhost:5000/video/item_29.mp4,2024-09-03 22:10:02
http://localhost:5000/video/item_1.mp4,2024-09-03 22:34:28
http://localhost:5000/video/item_30.mp4,2024-09-03 22:30:48
http://localhost:5000/video/item_8.mp4,2024-09-03 22:04:48
http://localhost:5000/video/item_23.mp4,2024-09-03 21:49:35
http://localhost:5000/video/item_14.mp4,2024-09-03 22:38:31
http://localhost:5000/video/item_32.mp4,2024-09-03 21:43:13
http://localhost:5000/video/item_8.mp4,2024-09-03 21:42:37
http://localhost:5000/video/item_31.mp4,2024-09-03 22:14:33
http://localhost:5000/video/item_49.mp4,2024-09-03 22:07:53
http://localhost:5000/video/item_27.mp4,2024-09-03 21:55:58
http://localhost:5000/video/item_6.mp4,2024-09-03 22:26:00
http://localhost:5000/video/item_17.mp4,2024-09-03 22:39:23
http://localhost:5000/video/item_29.mp4,2024-09-03 22:22:05
http://localhost:5000/video/item_33.mp4,2024-09-03 22:19:37
http://localhost:5000/video/item_12.mp4,2024-09-03 22:15:07
http://localhost:5000/video/item_43.mp4,2024-09-03 22:19:16
http://localhost:5000/video/item_20.mp4,2024-09-03 22:04:50
http://localhost:5000/video/item_24.mp4,2024-09-03 21:42:51
http://localhost:5000/video/item_5.mp4,2024-09-03 22:03:00
http://localhost:5000/video/item_30.mp4,2024-09-03 22:08:03
http://localhost:5000/video/item_28.mp4,2024-09-03 22:12:40
http://localhost:5000/video/item_17.mp4,2024-09-03 21:56:36
http://localhost:5000/video/item_5.mp4,2024-09-03 22:15:52
http://localhost:5000/video/item_10.mp4,2024-09-03 22:05:02
http://localhost:5000/video/item_0.mp4,2024-09-03 21:42:08
http://localhost:5000/video/item_2.mp4,2024-09-03 22:03:27
http://localhost:5000/video/item_7.mp4,2024-09-03 22:15:19
http://localhost:5000/video/item_46.mp4,2024-09-03 22:36:16
http://localhost:5000/video/item_8.mp4,2024-09-03 22:23:09
http://localhost:5000/video/item_39.mp4,2024-09-03 21:48:41
http://localhost:5000/video/item_47.mp4,2024-09-03 22:28:18
http://localhost:5000/video/item_27.mp4,2024-09-03 22:04:13
http://localhost:5000/video/item_49.mp4,2024-09-03 22:35:15
http://localhost:5000/video/item_30.mp4,2024-09-03 22:02:02
http://localhost:5000/video/item_36.mp4,2024-09-03 21:43:52
http://localhost:5000/video/item_21.mp4,2024-09-03 22:36:36
http://localhost:5000/video/item_20.mp4,2024-09-03 22:28:13
http://localhost:5000/video/item_16.mp4,2024-09-03 22:12:27
http://localhost:5000/video/item_4.mp4,2024-09-03 22:09:05
http://localhost:5000/video/item_2.mp4,2024-09-03 22:07:47
http://localhost:5000/video/item_14.mp4,2024-09-03 21:52:46
http://localhost:5000/video/item_24.mp4,2024-09-03 22:40:57
http://localhost:5000/video/item_34.mp4,2024-09-03 22:34:53
http://localhost:5000/video/item_24.mp4,2024-09-03 22:34:35
http://localhost:5000/video/item_24.mp4,2024-09-03 22:28:45
http://localhost:5000/video/item_4.mp4,2024-09-03 21:49:51
http://localhost:5000/video/item_43.mp4,2024-09-03 22:09:13
http://localhost:5000/video/item_21.mp4,2024-09-03 21:45:00
http://localhost:5000/video/item_47.mp4,2024-09-03 22:01:18
http://localhost:5000/video/item_28.mp4,2024-09-03 22:02:12
http://localhost:5000/video/item_13.mp4,2024-09-03 22:07:58
http://localhost:5000/video/item_35.mp4,2024-09-03 22:30:06
http://localhost:5000/video/item_39.mp4,2024-09-03 22:02:49
http://localhost:5000/video/item_46.mp4,2024-09-03 22:11:27
http://localhost:5000/video/item_45.mp4,2024-09-03 22:37:19
http://localhost:5000/video/item_22.mp4,2024-09-03 22:12:19
http://localhost:5000/video/item_4.mp4,2024-09-03 22:09:40
http://localhost:5000/video/item_24.mp4,2024-09-03 21:47:52
http://localhost:5000/video/item_14.mp4,2024-09-03 22:05:12
http://localhost:5000/video/item_11.mp4,2024-09-03 22:40:09
http://localhost:5000/video/item_0.mp4,2024-09-03 22:24:25
http://localhost:5000/video/item_48.mp4,2024-09-03 22:18:04
http://localhost:5000/video/item_42.mp4,2024-09-03 22:04:12
http://localhost:5000/video/item_33.mp4,2024-09-03 22:38:12
http://localhost:5000/video/item_35.mp4,2024-09-03 22:30:38
http://localhost:5000/video/item_3.mp4,2024-09-03 22:39:09
http://localhost:5000/video/item_21.mp4,2024-09-03 22:31:18
http://localhost:5000/video/item_6.mp4,2024-09-03 22:27:16
http://localhost:5000/video/item_24.mp4,2024-09-03 22:24:01
http://localhost:5000/video/item_18.mp4,2024-09-03 21:49:07
http://localhost:5000/video/item_40.mp4,2024-09-03 21:55:24
http://localhost:5000/video/item_28.mp4,2024-09-03 21:51:47
http://localhost:5000/video/item_40.mp4,2024-09-03 21:41:31
http://localhost:5000/video/item_21.mp4,2024-09-03 21:57:12
http://localhost:5000/video/item_42.mp4,2024-09-03 22:32:43
http://localhost:5000/video/item_5.mp4,2024-09-03 21:45:48
http://localhost:5000/video/item_49.mp4,2024-09-03 22:20:11
http://localhost:5000/video/item_36.mp4,2024-09-03 22:00:08
http://localhost:5000/video/item_21.mp4,2024-09-03 21:54:47
http://localhost:5000/video/item_48.mp4,2024-09-03 22:28:09
http://localhost:5000/video/item_14.mp4,2024-09-03 22:38:42
http://localhost:5000/video/item_17.mp4,2024-09-03 21:46:45
http://localhost:5000/video/item_24.mp4,2024-09-03 21:41:47
http://localhost:5000/video/item_23.mp4,2024-09-03 22:37:45
http://localhost:5000/video/item_29.mp4,2024-09-03 22:15:24
http://localhost:5000/video/item_4.mp4,2024-09-03 21:57:39
http://localhost:5000/video/item_39.mp4,2024-09-03 22:40:12
http://localhost:5000/video/item_5.mp4,2024-09-03 22:23:15
http://localhost:5000/video/item_33.mp4,2024-09-03 22:12:35
http://localhost:5000/video/item_44.mp4,2024-09-03 22:18:34
http://localhost:5000/video/item_38.mp4,2024-09-03 22:31:37
http://localhost:5000/video/item_19.mp4,2024-09-03 22:11:22
http://localhost:5000/video/item_3.mp4,2024-09-03 21:56:52
http://localhost:5000/video/item_28.mp4,2024-09-03 22:33:20
http://localhost:5000/video/item_31.mp4,2024-09-03 21:51:45
http://localhost:5000/video/item_39.mp4,2024-09-03 21:54:00
http://localhost:5000/video/item_24.mp4,2024-09-03 21:52:55
http://localhost:5000/video/item_7.mp4,2024-09-03 21:43:43
http://localhost:5000/video/item_38.mp4,2024-09-03 21:48:27
http://localhost:5000/video/item_29.mp4,2024-09-03 22:11:27
http://localhost:5000/video/item_33.mp4,2024-09-03 22:16:37
http://localhost:5000/video/item_46.mp4,2024-09-03 22:33:06
http://localhost:5000/video/item_13.mp4,2024-09-03 22:07:17
http://localhost:5000/video/item_33.mp4,2024-09-03 22:34:06
http://localhost:5000/video/item_45.mp4,2024-09-03 21:47:42
http://localhost:5000/video/item_15.mp4,2024-09-03 22:00:37
http://localhost:5000/video/item_10.mp4,2024-09-03 21:57:38
http://localhost:5000/video/item_16.mp4,2024-09-03 22:18:33
http://localhost:5000/video/item_42.mp4,2024-09-03 22:35:21
http://localhost:5000/video/item_20.mp4,2024-09-03 22:08:08
http://localhost:5000/video/item_29.mp4,2024-09-03 22:40:31
http://localhost:5000/video/item_28.mp4,2024-09-03 22:02:14
http://localhost:5000/video/item_1.mp4,2024-09-03 21:51:38
http://localhost:5000/video/item_23.mp4,2024-09-03 22:36:23
http://localhost:5000/video/item_6.mp4,2024-09-03 21:57:28
http://localhost:5000/video/item_26.mp4,2024-09-03 22:27:28
http://localhost:5000/video/item_13.mp4,2024-09-03 21:41:30
http://localhost:5000/video/item_2.mp4,2024-09-03 22:27:49
http://localhost:5000/video/item_27.mp4,2024-09-03 21:42:36
http://localhost:5000/video/item_36.mp4,2024-09-03 22:00:47
http://localhost:5000/video/item_18.mp4,2024-09-03 21:44:08
http://localhost:5000/video/item_25.mp4,2024-09-03 21:43:52
http://localhost:5000/video/item_35.mp4,2024-09-03 22:15:32
http://localhost:5000/video/item_19.mp4,2024-09-03 22:07:23
http://localhost:5000/video/item_46.mp4,2024-09-03 22:14:21
http://localhost:5000/video/item_12.mp4,2024-09-03 22:33:08
http://localhost:5000/video/item_13.mp4,2024-09-03 21:50:33
http://localhost:5000/video/item_1.mp4,2024-09-03 22:11:22
http://localhost:5000/video/item_2.mp4,2024-09-03 21:55:58
http://localhost:5000/video/item_25.mp4,2024-09-03 22:27:07
http://localhost:5000/video/item_27.mp4,2024-09-03 21:45:43
http://localhost:5000/video/item_10.mp4,2024-09-03 21:45:16
http://localhost:5000/video/item_48.mp4,2024-09-03 22:24:22
http://localhost:5000/video/item_33.mp4,2024-09-03 21:52:49
http://localhost:5000/video/item_38.mp4,2024-09-03 21:45:34
http://localhost:5000/video/item_21.mp4,2024-09-03 21:50:37
http://localhost:5000/video/item_49.mp4,2024-09-03 22:18:41
http://localhost:5000/video/item_33.mp4,2024-09-03 22:26:23
http://localhost:5000/video/item_4.mp4,2024-09-03 22:17:04
http://localhost:5000/video/item_23.mp4,2024-09-03 21:47:08
http://localhost:5000/video/item_35.mp4,2024-09-03 21:54:50
http://localhost:5000/video/item_10.mp4,2024-09-03 22:09:57
http://localhost:5000/video/item_8.mp4,2024-09-03 22:24:15
http://localhost:5000/video/item_38.mp4,2024-09-03 22:40:56
http://localhost:5000/video/item_46.mp4,2024-09-03 21:59:38
http://localhost:5000/video/item_20.mp4,2024-09-03 21:45:12
http://localhost:5000/video/item_14.mp4,2024-09-03 22:26:43
http://localhost:5000/video/item_10.mp4,2024-09-03 22:14:37
http://localhost:5000/video/item_37.mp4,2024-09-03 22:08:15
http://localhost:5000/video/item_47.mp4,2024-09-03 22:10:08
http://localhost:5000/video/item_20.mp4,2024-09-03 21:43:18
http://localhost:5000/video/item_3.mp4,2024-09-03 22:22:27
http://localhost:5000/video/item_6.mp4,2024-09-03 22:37:34
http://localhost:5000/video/item_46.mp4,2024-09-03 21:41:51
http://localhost:5000/video/item_0.mp4,2024-09-03 22:29:21
http://localhost:5000/video/item_9.mp4,2024-09-03 22:26:05
http://localhost:5000/video/item_47.mp4,2024-09-03 22:04:54
http://localhost:5000/video/item_1.mp4,2024-09-03 22:17:08
http://localhost:5000/video/item_42.mp4,2024-09-03 21:54:23
http://localhost:5000/video/item_46.mp4,2024-09-03 21:42:36
http://localhost:5000/video/item_20.mp4,2024-09-03 22:10:35
http://localhost:5000/video/item_41.mp4,2024-09-03 22:28:18
http://localhost:5000/video/item_27.mp4,2024-09-03 22:22:00
http://localhost:5000/video/item_18.mp4,2024-09-03 22:04:21
http://localhost:5000/video/item_12.mp4,2024-09-03 22:12:28
http://localhost:5000/video/item_41.mp4,2024-09-03 21:57:16
http://localhost:5000/video/item_16.mp4,2024-09-03 22:07:49
http://localhost:5000/video/item_19.mp4,2024-09-03 21:43:45
http://localhost:5000/video/item_8.mp4,2024-09-03 22:23:44
http://localhost:5000/video/item_0.mp4,2024-09-03 22:08:49
http://localhost:5000/video/item_5.mp4,2024-09-03 22:17:31
http://localhost:5000/video/item_30.mp4,2024-09-03 21:45:44
http://localhost:5000/video/item_42.mp4,2024-09-03 22:09:14
http://localhost:5000/video/item_20.mp4,2024-09-03 22:18:33
http://localhost:5000/video/item_6.mp4,2024-09-03 22:30:29
http://localhost:5000/video/item_13.mp4,2024-09-03 22:34:31
http://localhost:5000/video/item_36.mp4,2024-09-03 22:34:24
http://localhost:5000/video/item_37.mp4,2024-09-03 22:11:38
http://localhost:5000/video/item_20.mp4,2024-09-03 22:29:17
http://localhost:5000/video/item_34.mp4,2024-09-03 22:20:19
http://localhost:5000/video/item_40.mp4,2024-09-03 22:21:40
http://localhost:5000/video/item_27.mp4,2024-09-03 22:10:04
http://localhost:5000/video/item_0.mp4,2024-09-03 21:59:46
http://localhost:5000/video/item_37.mp4,2024-09-03 21:55:24
http://localhost:5000/video/item_23.mp4,2024-09-03 22:01:43
http://localhost:5000/video/item_49.mp4,2024-09-03 21:45:57
http://localhost:5000/video/item_35.mp4,2024-09-03 21:54:46
http://localhost:5000/video/item_2.mp4,2024-09-03 22:13:02
http://localhost:5000/video/item_20.mp4,2024-09-03 22:25:51
http://localhost:5000/video/item_38.mp4,2024-09-03 22:31:59
http://localhost:5000/video/item_47.mp4,2024-09-03 22:22:20
http://localhost:5000/video/item_18.mp4,2024-09-03 22:32:12
http://localhost:5000/video/item_25.mp4,2024-09-03 21:50:37
http://localhost:5000/video/item_11.mp4,2024-09-03 21:53:40
http://localhost:5000/video/item_15.mp4,2024-09-03 22:25:12
http://localhost:5000/video/item_26.mp4,2024-09-03 21:41:27
http://localhost:5000/video/item_15.mp4,2024-09-03 22:10:35
http://localhost:5000/video/item_12.mp4,2024-09-03 21:43:22
http://localhost:5000/video/item_0.mp4,2024-09-03 22:39:07
http://localhost:5000/video/item_3.mp4,2024-09-03 21:47:26
http://localhost:5000/video/item_2.mp4,2024-09-03 22:14:43
http://localhost:5000/video/item_33.mp4,2024-09-03 21:51:48
http://localhost:5000/video/item_19.mp4,2024-09-03 22:41:05
http://localhost:5000/video/item_18.mp4,2024-09-03 21:48:23
http://localhost:5000/video/item_22.mp4,2024-09-03 21:44:22
http://localhost:5000/video/item_42.mp4,2024-09-03 22:23:10
http://localhost:5000/video/item_39.mp4,2024-09-03 22:34:14
http://localhost:5000/video/item_49.mp4,2024-09-03 22:02:00
http://localhost:5000/video/item_14.mp4,2024-09-03 22:30:48
http://localhost:5000/video/item_15.mp4,2024-09-03 22:15:33
http://localhost:5000/video/item_22.mp4,2024-09-03 22:20:48
http://localhost:5000/video/item_15.mp4,2024-09-03 22:08:35
http://localhost:5000/video/item_48.mp4,2024-09-03 22:24:03
http://localhost:5000/video/item_20.mp4,2024-09-03 21:42:49
http://localhost:5000/video/item_13.mp4,2024-09-03 22:02:27
http://localhost:5000/video/item_40.mp4,2024-09-03 21:45:24
http://localhost:5000/video/item_36.mp4,2024-09-03 22:18:50
http://localhost:5000/video/item_23.mp4,2024-09-03 22:22:32
http://localhost:5000/video/item_26.mp4,2024-09-03 22:21:16
http://localhost:5000/video/item_46.mp4,2024-09-03 21:56:40
http://localhost:5000/video/item_32.mp4,2024-09-03 22:09:35
http://localhost:5000/video/item_33.mp4,2024-09-03 22:17:11
http://localhost:5000/video/item_25.mp4,2024-09-03 22:24:32
http://localhost:5000/video/item_5.mp4,2024-09-03 21:48:18
http://localhost:5000/video/item_35.mp4,2024-09-03 21:43:35
http://localhost:5000/video/item_47.mp4,2024-09-03 22:05:43
http://localhost:5000/video/item_30.mp4,2024-09-03 22:33:58
http://localhost:5000/video/item_10.mp4,2024-09-03 22:14:30
http://localhost:5000/video/item_27.mp4,2024-09-03 21:49:11
http://localhost:5000/video/item_0.mp4,2024-09-03 22:35:15
http://localhost:5000/video/item_36.mp4,2024-09-03 22:22:20
http://localhost:5000/video/item_26.mp4,2024-09-03 22:30:58
http://localhost:5000/video/item_47.mp4,2024-09-03 22:17:58
http://localhost:5000/video/item_8.mp4,2024-09-03 21:44:00
http://localhost:5000/video/item_14.mp4,2024-09-03 22:19:47
http://localhost:5000/video/item_17.mp4,2024-09-03 22:14:55
http://localhost:5000/video/item_0.mp4,2024-09-03 21:43:39
http://localhost:5000/video/item_25.mp4,2024-09-03 22:03:48
http://localhost:5000/video/item_35.mp4,2024-09-03 22:35:25
http://localhost:5000/video/item_26.mp4,2024-09-03 22:26:27
http://localhost:5000/video/item_30.mp4,2024-09-03 22:40:03
http://localhost:5000/video/item_33.mp4,2024-09-03 22:16:28
http://localhost:5000/video/item_38.mp4,2024-09-03 22:16:15
http://localhost:5000/video/item_26.mp4,2024-09-03 21:51:40
http://localhost:5000/video/item_40.mp4,2024-09-03 22:06:31
http://localhost:5000/video/item_13.mp4,2024-09-03 22:08:21
http://localhost:5000/video/item_21.mp4,2024-09-03 22:09:54
http://localhost:5000/video/item_14.mp4,2024-09-03 22:19:03
http://localhost:5000/video/item_30.mp4,2024-09-03 21:45:56
http://localhost:5000/video/item_17.mp4,2024-09-03 21:45:32
http://localhost:5000/video/item_2.mp4,2024-09-03 21:53:14
http://localhost:5000/video/item_1.mp4,2024-09-03 21:42:09
http://localhost:5000/video/item_5.mp4,2024-09-03 22:02:21
http://localhost:5000/video/item_36.mp4,2024-09-03 22:16:18
http://localhost:5000/video/item_8.mp4,2024-09-03 21:59:06
http://localhost:5000/video/item_23.mp4,2024-09-03 22:03:54
http://localhost:5000/video/item_21.mp4,2024-09-03 22:39:34
http://localhost:5000/video/item_6.mp4,2024-09-03 21:53:23
http://localhost:5000/video/item_17.mp4,2024-09-03 21:52:37
http://localhost:5000/video/item_43.mp4,2024-09-03 22:12:20
http://localhost:5000/video/item_36.mp4,2024-09-03 21:45:07
http://localhost:5000/video/item_29.mp4,2024-09-03 22:07:27
http://localhost:5000/video/item_47.mp4,2024-09-03 21:46:01
http://localhost:5000/video/item_31.mp4,2024-09-03 21:55:27
http://localhost:5000/video/item_35.mp4,2024-09-03 22:36:01
http://localhost:5000/video/item_21.mp4,2024-09-03 22:09:00
http://localhost:5000/video/item_34.mp4,2024-09-03 21:42:34
http://localhost:5000/video/item_26.mp4,2024-09-03 21:58:31
http://localhost:5000/video/item_18.mp4,2024-09-03 22:00:13
http://localhost:5000/video/item_8.mp4,2024-09-03 22:32:31
http://localhost:5000/video/item_6.mp4,2024-09-03 22:26:23
http://localhost:5000/video/item_3.mp4,2024-09-03 21:42:59
http://localhost:5000/video/item_23.mp4,2024-09-03 21:56:54
http://localhost:5000/video/item_2.mp4,2024-09-03 22:11:23
http://localhost:5000/video/item_41.mp4,2024-09-03 21:57:42
http://localhost:5000/video/item_17.mp4,2024-09-03 22:39:32
http://localhost:5000/video/item_35.mp4,2024-09-03 21:54:27
http://localhost:5000/video/item_35.mp4,2024-09-03 21:52:53
http://localhost:5000/video/item_21.mp4,2024-09-03 22:22:57
http://localhost:5000/video/item_23.mp4,2024-09-03 22:31:32
http://localhost:5000/video/item_12.mp4,2024-09-03 21:44:51
http://localhost:5000/video/item_29.mp4,2024-09-03 22:01:49
http://localhost:5000/video/item_0.mp4,2024-09-03 22:41:03
http://localhost:5000/video/item_41.mp4,2024-09-03 22:22:07
http://localhost:5000/video/item_21.mp4,2024-09-03 22:01:24
http://localhost:5000/video/item_23.mp4,2024-09-03 22:05:46
http://localhost:5000/video/item_24.mp4,2024-09-03 22:36:28
http://localhost:5000/video/item_13.mp4,2024-09-03 22:10:57
http://localhost:5000/video/item_14.mp4,2024-09-03 22:29:14
http://localhost:5000/video/item_41.mp4,2024-09-03 22:23:38
http://localhost:5000/video/item_29.mp4,2024-09-03 22:00:40
http://localhost:5000/video/item_30.mp4,2024-09-03 21:55:20
http://localhost:5000/video/item_37.mp4,2024-09-03 22:17:26
http://localhost:5000/video/item_31.mp4,2024-09-03 22:31:40
http://localhost:5000/video/item_1.mp4,2024-09-03 22:08:11
http://localhost:5000/video/item_49.mp4,2024-09-03 22:11:06
http://localhost:5000/video/item_44.mp4,2024-09-03 22:14:47
http://localhost:5000/video/item_0.mp4,2024-09-03 21:41:47
http://localhost:5000/video/item_43.mp4,2024-09-03 22:34:03
http://localhost:5000/video/item_45.mp4,2024-09-03 21:52:07
http://localhost:5000/video/item_39.mp4,2024-09-03 22:33:55
http://localhost:5000/video/item_6.mp4,2024-09-03 22:35:32
http://localhost:5000/video/item_9.mp4,2024-09-03 21:46:47
http://localhost:5000/video/item_17.mp4,2024-09-03 21:52:45
http://localhost:5000/video/item_38.mp4,2024-09-03 22:19:24
http://localhost:5000/video/item_4.mp4,2024-09-03 22:34:21
http://localhost:5000/video/item_25.mp4,2024-09-03 21:44:50
http://localhost:5000/video/item_30.mp4,2024-09-03 22:05:23
http://localhost:5000/video/item_19.mp4,2024-09-03 21:47:50
http://localhost:5000/video/item_34.mp4,2024-09-03 22:40:38
http://localhost:5000/video/item_18.mp4,2024-09-03 22:07:35
http://localhost:5000/video/item_23.mp4,2024-09-03 22:13:24
http://localhost:5000/video/item_25.mp4,2024-09-03 22:19:43
http://localhost:5000/video/item_21.mp4,2024-09-03 22:40:08
http://localhost:5000/video/item_28.mp4,2024-09-03 22:18:13
http://localhost:5000/video/item_21.mp4,2024-09-03 22:32:23
http://localhost:5000/video/item_26.mp4,2024-09-03 22:01:53
http://localhost:5000/video/item_30.mp4,2024-09-03 22:41:07
http://localhost:5000/video/item_45.mp4,2024-09-03 22:27:17
http://localhost:5000/video/item_47.mp4,2024-09-03 22:20:45
http://localhost:5000/video/item_17.mp4,2024-09-03 22:24:23
http://localhost:5000/video/item_29.mp4,2024-09-03 21:58:48
http://localhost:5000/video/item_6.mp4,2024-09-03 21:51:26
http://localhost:5000/video/item_18.mp4,2024-09-03 22:30:49
http://localhost:5000/video/item_9.mp4,2024-09-03 22:20:00
http://localhost:5000/video/item_21.mp4,2024-09-03 21:42:20
http://localhost:5000/video/item_39.mp4,2024-09-03 21:53:37
http://localhost:5000/video/item_41.mp4,2024-09-03 22:01:28
http://localhost:5000/video/item_3.mp4,2024-09-03 21:54:26
http://localhost:5000/video/item_35.mp4,2024-09-03 22:16:04
http://localhost:5000/video/item_10.mp4,2024-09-03 22:20:36
http://localhost:5000/video/item_7.mp4,2024-09-03 22:08:23
http://localhost:5000/video/item_34.mp4,2024-09-03 22:34:42
http://localhost:5000/video/item_10.mp4,2024-09-03 21:48:03
http://localhost:5000/video/item_28.mp4,2024-09-03 22:39:55
http://localhost:5000/video/item_41.mp4,2024-09-03 22:02:15
http://localhost:5000/video/item_20.mp4,2024-09-03 21:51:56
http://localhost:5000/video/item_5.mp4,2024-09-03 22:09:35
http://localhost:5000/video/item_12.mp4,2024-09-03 22:35:06
http://localhost:5000/video/item_38.mp4,2024-09-03 22:38:54
http://localhost:5000/video/item_49.mp4,2024-09-03 22:13:22
http://localhost:5000/video/item_13.mp4,2024-09-03 21:55:17
http://localhost:5000/video/item_36.mp4,2024-09-03 21:46:57
http://localhost:5000/video/item_45.mp4,2024-09-03 22:14:33
http://localhost:5000/video/item_39.mp4,2024-09-03 22:01:44
http://localhost:5000/video/item_21.mp4,2024-09-03 22:39:04
http://localhost:5000/video/item_49.mp4,2024-09-03 22:30:01
http://localhost:5000/video/item_19.mp4,2024-09-03 21:47:07
http://localhost:5000/video/item_27.mp4,2024-09-03 22:21:57
http://localhost:5000/video/item_36.mp4,2024-09-03 22:14:01
http://localhost:5000/video/item_38.mp4,2024-09-03 22:23:46
http://localhost:5000/video/item_49.mp4,2024-09-03 22:35:44
http://localhost:5000/video/item_3.mp4,2024-09-03 22:24:17
http://localhost:5000/video/item_15.mp4,2024-09-03 22:11:00
http://localhost:5000/video/item_45.mp4,2024-09-03 21:46:38
http://localhost:5000/video/item_24.mp4,2024-09-03 21:59:28
http://localhost:5000/video/item_13.mp4,2024-09-03 22:03:22
http://localhost:5000/video/item_4.mp4,2024-09-03 22:39:35
http://localhost:5000/video/item_28.mp4,2024-09-03 21:56:26
http://localhost:5000/video/item_8.mp4,2024-09-03 22:13:22
http://localhost:5000/video/item_41.mp4,2024-09-03 21:58:27
http://localhost:5000/video/item_18.mp4,2024-09-03 21:47:30
http://localhost:5000/video/item_29.mp4,2024-09-03 22:27:09
http://localhost:5000/video/item_7.mp4,2024-09-03 22:11:32
http://localhost:5000/video/item_34.mp4,2024-09-03 22:38:55
http://localhost:5000/video/item_45.mp4,2024-09-03 22:21:13
http://localhost:5000/video/item_41.mp4,2024-09-03 22:12:43
http://localhost:5000/video/item_10.mp4,2024-09-03 22:04:58
http://localhost:5000/video/item_28.mp4,2024-09-03 22:19:01
http://localhost:5000/video/item_23.mp4,2024-09-03 22:12:46
http://localhost:5000/video/item_20.mp4,2024-09-03 21:49:40
http://localhost:5000/video/item_36.mp4,2024-09-03 22:03:12
http://localhost:5000/video/item_8.mp4,2024-09-03 21:52:00
http://localhost:5000/video/item_5.mp4,2024-09-03 22:04:59
http://localhost:5000/video/item_45.mp4,2024-09-03 22:27:43
http://localhost:5000/video/item_9.mp4,2024-09-03 22:00:58
http://localhost:5000/video/item_49.mp4,2024-09-03 21:42:38
http://localhost:5000/video/item_30.mp4,2024-09-03 22:10:14
http://localhost:5000/video/item_31.mp4,2024-09-03 22:06:08
http://localhost:5000/video/item_41.mp4,2024-09-03 22:30:54
http://localhost:5000/video/item_35.mp4,2024-09-03 22:36:13
http://localhost:5000/video/item_15.mp4,2024-09-03 21:59:57
http://localhost:5000/video/item_3.mp4,2024-09-03 22:17:15
http://localhost:5000/video/item_43.mp4,2024-09-03 21:52:19
http://localhost:5000/video/item_38.mp4,2024-09-03 21:54:46
http://localhost:5000/video/item_23.mp4,2024-09-03 22:26:39
http://localhost:5000/video/item_42.mp4,2024-09-03 22:23:26
http://localhost:5000/video/item_38.mp4,2024-09-03 22:06:36
http://localhost:5000/video/item_24.mp4,2024-09-03 22:36:57
http://localhost:5000/video/item_24.mp4,2024-09-03 22:29:13
http://localhost:5000/video/item_32.mp4,2024-09-03 22:40:40
http://localhost:5000/video/item_5.mp4,2024-09-03 22:27:21
http://localhost:5000/video/item_49.mp4,2024-09-03 22:03:13
http://localhost:5000/video/item_5.mp4,2024-09-03 22:09:11
http://localhost:5000/video/item_9.mp4,2024-09-03 22:02:55
http://localhost:5000/video/item_45.mp4,2024-09-03 21:48:07
http://localhost:5000/video/item_40.mp4,2024-09-03 22:20:50
http://localhost:5000/video/item_19.mp4,2024-09-03 21:44:43
http://localhost:5000/video/item_16.mp4,2024-09-03 22:34:17
http://localhost:5000/video/item_41.mp4,2024-09-03 22:21:16
http://localhost:5000/video/item_40.mp4,2024-09-03 22:35:15
http://localhost:5000/video/item_21.mp4,2024-09-03 21:47:32
http://localhost:5000/video/item_39.mp4,2024-09-03 21:42:29
http://localhost:5000/video/item_47.mp4,2024-09-03 21:55:40
http://localhost:5000/video/item_0.mp4,2024-09-03 22:02:15
http://localhost:5000/video/item_44.mp4,2024-09-03 22:00:44
http://localhost:5000/video/item_4.mp4,2024-09-03 21:47:02
http://localhost:5000/video/item_27.mp4,2024-09-03 21:42:34
http://localhost:5000/video/item_29.mp4,2024-09-03 22:06:56
http://localhost:5000/video/item_27.mp4,2024-09-03 22:12:40
http://localhost:5000/video/item_11.mp4,2024-09-03 22:23:50
http://localhost:5000/video/item_41.mp4,2024-09-03 22:35:34
http://localhost:5000/video/item_3.mp4,2024-09-03 22:36:18
http://localhost:5000/video/item_10.mp4,2024-09-03 21:50:35
http://localhost:5000/video/item_26.mp4,2024-09-03 22:07:45
http://localhost:5000/video/item_2.mp4,2024-09-03 22:10:46
http://localhost:5000/video/item_1.mp4,2024-09-03 21:42:19
http://localhost:5000/video/item_7.mp4,2024-09-03 22:01:00
http://localhost:5000/video/item_26.mp4,2024-09-03 22:09:57
http://localhost:5000/video/item_9.mp4,2024-09-03 22:08:54
http://localhost:5000/video/item_7.mp4,2024-09-03 21:49:27
http://localhost:5000/video/item_9.mp4,2024-09-03 22:04:46
http://localhost:5000/video/item_13.mp4,2024-09-03 22:14:35
http://localhost:5000/video/item_41.mp4,2024-09-03 22:09:42
http://localhost:5000/video/item_34.mp4,2024-09-03 22:29:25
http://localhost:5000/video/item_30.mp4,2024-09-03 22:01:58
http://localhost:5000/video/item_0.mp4,2024-09-03 22:12:40
http://localhost:5000/video/item_4.mp4,2024-09-03 22:03:43
http://localhost:5000/video/item_33.mp4,2024-09-03 22:29:28
http://localhost:5000/video/item_5.mp4,2024-09-03 22:02:19
http://localhost:5000/video/item_24.mp4,2024-09-03 22:22:34
http://localhost:5000/video/item_13.mp4,2024-09-03 22:09:14
http://localhost:5000/video/item_3.mp4,2024-09-03 22:29:08
http://localhost:5000/video/item_2.mp4,2024-09-03 22:23:19
http://localhost:5000/video/item_27.mp4,2024-09-03 21:47:17
